{
  "freq_p_value": 0.057652,
  "freq_significant": false,
  "bayes_prob_b_better": 0.9715,
  "a_distribution": [
    0.0,
    1.9745034020398116E-31,
    1.0,
    6.384799854275042E-26,
    1.2051209497583659E-74,
    9.04235652278735E-137,
    8.494468771573668E-208,
    2.440008566400441E-285,
    0.0,
    0.0,
    0.0,
    0.0,
    0.0,
    0.0,
    0.0,
    0.0,
    0.0,
    0.0,
    0.0,
    0.0,
    0.0,
    0.0,
    0.0,
    0.0,
    0.0,
    0.0,
    0.0,
    0.0,
    0.0,
    0.0,
    0.0,
    0.0,
    0.0,
    0.0,
    0.0,
    0.0,
    0.0,
    0.0,
    0.0,
    0.0,
    0.0,
    0.0,
    0.0,
    0.0,
    0.0,
    0.0,
    0.0,
    0.0,
    0.0,
    0.0,
    0.0,
    0.0,
    0.0,
    0.0,
    0.0,
    0.0,
    0.0,
    0.0,
    0.0,
    0.0,
    0.0,
    0.0,
    0.0,
    0.0,
    0.0,
    0.0,
    0.0,
    0.0,
    0.0,
    0.0,
    0.0,
    0.0,
    0.0,
    0.0,
    0.0,
    0.0,
    0.0,
    0.0,
    0.0,
    0.0,
    0.0,
    0.0,
    0.0,
    0.0,
    0.0,
    0.0,
    0.0,
    0.0,
    0.0,
    0.0,
    0.0,
    0.0,
    0.0,
    0.0,
    0.0,
    0.0,
    0.0,
    0.0,
    0.0,
    0.0
  ],
  "b_distribution": [
    0.0,
    9.199256253129832E-49,
    1.0,
    1.876090349156447E-15,
    1.629501782433126E-56,
    1.6482281963636218E-112,
    2.2545192487544222E-178,
    2.0433068669071347E-251,
    0.0,
    0.0,
    0.0,
    0.0,
    0.0,
    0.0,
    0.0,
    0.0,
    0.0,
    0.0,
    0.0,
    0.0,
    0.0,
    0.0,
    0.0,
    0.0,
    0.0,
    0.0,
    0.0,
    0.0,
    0.0,
    0.0,
    0.0,
    0.0,
    0.0,
    0.0,
    0.0,
    0.0,
    0.0,
    0.0,
    0.0,
    0.0,
    0.0,
    0.0,
    0.0,
    0.0,
    0.0,
    0.0,
    0.0,
    0.0,
    0.0,
    0.0,
    0.0,
    0.0,
    0.0,
    0.0,
    0.0,
    0.0,
    0.0,
    0.0,
    0.0,
    0.0,
    0.0,
    0.0,
    0.0,
    0.0,
    0.0,
    0.0,
    0.0,
    0.0,
    0.0,
    0.0,
    0.0,
    0.0,
    0.0,
    0.0,
    0.0,
    0.0,
    0.0,
    0.0,
    0.0,
    0.0,
    0.0,
    0.0,
    0.0,
    0.0,
    0.0,
    0.0,
    0.0,
    0.0,
    0.0,
    0.0,
    0.0,
    0.0,
    0.0,
    0.0,
    0.0,
    0.0,
    0.0,
    0.0,
    0.0,
    0.0
  ],
  "x_values": [
    0.0,
    0.010101010101010102,
    0.020202020202020204,
    0.030303030303030304,
    0.04040404040404041,
    0.05050505050505051,
    0.06060606060606061,
    0.07070707070707072,
    0.08080808080808081,
    0.09090909090909091,
    0.10101010101010102,
    0.11111111111111112,
    0.12121212121212122,
    0.13131313131313133,
    0.14141414141414144,
    0.15151515151515152,
    0.16161616161616163,
    0.17171717171717174,
    0.18181818181818182,
    0.19191919191919193,
    0.20202020202020204,
    0.21212121212121213,
    0.22222222222222224,
    0.23232323232323235,
    0.24242424242424243,
    0.25252525252525254,
    0.26262626262626265,
    0.27272727272727276,
    0.2828282828282829,
    0.29292929292929293,
    0.30303030303030304,
    0.31313131313131315,
    0.32323232323232326,
    0.33333333333333337,
    0.3434343434343435,
    0.3535353535353536,
    0.36363636363636365,
    0.37373737373737376,
    0.38383838383838387,
    0.393939393939394,
    0.4040404040404041,
    0.4141414141414142,
    0.42424242424242425,
    0.43434343434343436,
    0.4444444444444445,
    0.4545454545454546,
    0.4646464646464647,
    0.4747474747474748,
    0.48484848484848486,
    0.494949494949495,
    0.5050505050505051,
    0.5151515151515152,
    0.5252525252525253,
    0.5353535353535354,
    0.5454545454545455,
    0.5555555555555556,
    0.5656565656565657,
    0.5757575757575758,
    0.5858585858585859,
    0.595959595959596,
    0.6060606060606061,
    0.6161616161616162,
    0.6262626262626263,
    0.6363636363636365,
    0.6464646464646465,
    0.6565656565656566,
    0.6666666666666667,
    0.6767676767676768,
    0.686868686868687,
    0.696969696969697,
    0.7070707070707072,
    0.7171717171717172,
    0.7272727272727273,
    0.7373737373737375,
    0.7474747474747475,
    0.7575757575757577,
    0.7676767676767677,
    0.7777777777777778,
    0.787878787878788,
    0.797979797979798,
    0.8080808080808082,
    0.8181818181818182,
    0.8282828282828284,
    0.8383838383838385,
    0.8484848484848485,
    0.8585858585858587,
    0.8686868686868687,
    0.8787878787878789,
    0.888888888888889,
    0.8989898989898991,
    0.9090909090909092,
    0.9191919191919192,
    0.9292929292929294,
    0.9393939393939394,
    0.9494949494949496,
    0.9595959595959597,
    0.9696969696969697,
    0.9797979797979799,
    0.98989898989899,
    1.0
  ],
  "a_mean": 0.018952,
  "b_mean": 0.021429,
  "a_prob_best": 0.0285,
  "b_prob_best": 0.9715,
  "a_expected_loss": 0.002491,
  "b_expected_loss": 0.000014,
  "diff_x": [
    -0.0033476013622741677,
    -0.0032335997432010517,
    -0.0031195981241279357,
    -0.0030055965050548197,
    -0.0028915948859817037,
    -0.0027775932669085878,
    -0.0026635916478354718,
    -0.002549590028762356,
    -0.00243558840968924,
    -0.002321586790616124,
    -0.002207585171543008,
    -0.002093583552469892,
    -0.001979581933396776,
    -0.00186558031432366,
    -0.001751578695250544,
    -0.001637577076177428,
    -0.001523575457104312,
    -0.001409573838031196,
    -0.00129557221895808,
    -0.001181570599884964,
    -0.001067568980811848,
    -0.0009535673617387321,
    -0.0008395657426656161,
    -0.0007255641235925001,
    -0.0006115625045193841,
    -0.0004975608854462681,
    -0.00038355926637315216,
    -0.0002695576473000362,
    -0.0001555560282269202,
    -0.00004155440915380422,
    0.00007244720991931176,
    0.00018644882899242774,
    0.0003004504480655437,
    0.0004144520671386597,
    0.0005284536862117757,
    0.0006424553052848912,
    0.0007564569243580076,
    0.0008704585434311241,
    0.0009844601625042396,
    0.0010984617815773551,
    0.0012124634006504716,
    0.001326465019723588,
    0.0014404666387967035,
    0.001554468257869819,
    0.0016684698769429355,
    0.001782471496016052,
    0.0018964731150891674,
    0.002010474734162283,
    0.0021244763532353994,
    0.002238477972308516,
    0.0023524795913816314,
    0.002466481210454747,
    0.0025804828295278633,
    0.0026944844486009797,
    0.0028084860676740953,
    0.002922487686747211,
    0.0030364893058203273,
    0.0031504909248934437,
    0.003264492543966559,
    0.0033784941630396748,
    0.003492495782112791,
    0.0036064974011859076,
    0.003720499020259023,
    0.0038345006393321387,
    0.003948502258405255,
    0.0040625038774783715,
    0.004176505496551487,
    0.004290507115624603,
    0.004404508734697719,
    0.004518510353770835,
    0.00463251197284395,
    0.0047465135919170665,
    0.004860515210990183,
    0.004974516830063299,
    0.005088518449136416,
    0.0052025200682095304,
    0.005316521687282647,
    0.005430523306355763,
    0.005544524925428878,
    0.005658526544501994,
    0.005772528163575111,
    0.005886529782648227,
    0.006000531401721344,
    0.006114533020794458,
    0.006228534639867575,
    0.006342536258940691,
    0.006456537878013806,
    0.006570539497086922,
    0.006684541116160039,
    0.006798542735233155,
    0.0069125443543062715,
    0.007026545973379386,
    0.0071405475924525025,
    0.007254549211525619,
    0.007368550830598734,
    0.00748255244967185,
    0.0075965540687449665,
    0.007710555687818083,
    0.0078245573068912,
    0.007938558925964314
  ],